naics_2022,naics_2017
212114,212111
212114,212113
212115,212112
212115,212113
212220,212221
212220,212222
212290,212291
212290,212299
212323,212324
212323,212325
212390,212391
212390,212392
212390,212393
212390,212399
315120,315110
315120,315190
315250,315220
315250,315240
315250,315280
316990,316992
316990,316998
321215,321213
321215,321214
322120,322121
322120,322122
325315,325314
333248,333244
333248,333249
333310,333314
333310,333316
333310,333318
333998,333997
333998,333999
334610,334613
334610,334614
335131,335121
335132,335122
335139,335110
335139,335129
335910,335911
335910,335912
336110,336111
336110,336112
337126,337124
337126,337125
424350,424320
424350,424330
425120,425110
441227,441228
441227,454110
441330,441310
441330,454110
441330,454390
441340,441320
441340,454110
441340,454390
444140,444130
444140,454110
444140,454390
444180,444190
444180,454110
444180,454390
444230,444210
444230,454110
444230,454390
444240,444220
444240,454110
444240,454390
445131,445120
445131,454110
445131,454390
445132,454210
445240,445210
445240,454110
445240,454390
445250,445220
445250,454110
445250,454390
445298,445299
445298,454110
445298,454390
445320,445310
445320,454110
445320,454390
449110,442110
449110,454110
449110,454390
449121,442210
449121,454110
449121,454390
449122,442291
449122,454110
449122,454390
449129,442299
449129,454110
449129,454390
449210,443141
449210,443142
449210,454110
449210,454390
455110,452210
455110,454110
455211,452311
455211,454110
455219,452319
455219,453998
455219,454110
455219,454390
456110,446110
456110,454110
456110,454390
456120,446120
456120,454110
456120,454390
456130,446130
456130,454110
456130,454390
456191,446191
456191,454110
456191,454390
456199,446199
456199,454110
456199,454390
457110,447110
457120,447190
457210,454310
458110,448110
458110,448120
458110,448130
458110,448140
458110,448150
458110,448190
458110,454110
458110,454390
458210,448210
458210,454110
458210,454390
458310,448310
458310,454110
458310,454390
458320,448320
458320,454110
458320,454390
459110,451110
459110,454110
459110,454390
459120,451120
459120,454110
459120,454390
459130,451130
459130,454110
459130,454390
459140,451140
459140,454110
459140,454390
459210,451211
459210,451212
459210,454110
459210,454390
459310,453110
459310,454110
459310,454390
459410,453210
459410,454110
459410,454390
459420,453220
459420,454110
459420,454390
459510,453310
459510,454110
459510,454390
459910,453910
459910,454110
459910,454390
459920,453920
459920,454110
459920,454390
459930,453930
459991,453991
459991,453998
459991,454110
459991,454390
459999,453998
459999,454110
459999,454390
513110,511110
513110,519130
513120,511120
513120,519130
513130,511130
513130,519130
513140,511140
513140,519130
513191,511191
513191,519130
513199,511199
513199,519130
513210,511210
516110,515112
516120,515120
516210,515111
516210,515120
516210,515210
516210,519110
516210,519130
517111,517311
517112,517312
517121,517911
517122,517312
517122,517911
517810,517919
519210,519120
519290,519130
519290,519190
522180,522120
522180,522190
522299,522293
522299,522294
522299,522298
523150,523110
523150,523120
523160,523130
523160,523140
523940,523920
523940,523930
811114,811112
811114,811113
811114,811118
811210,811211
811210,811212
811210,811213
811210,811219
